team,gamesPlayed,wins,losses,currentRating,peakRating,lowestRating,ratingRank
BOS,82,51,31,1712.5621233536483,1732.2734880831358,1456.7530354701685,1
PHX,82,64,18,1676.3993145578768,1778.8271228826009,1458.5698051355687,2
MEM,82,56,26,1655.4744590935134,1719.110235936533,1439.1324129365314,3
DAL,82,52,30,1649.8739347722392,1667.7470207497754,1459.7603179438852,4
TOR,82,48,34,1626.7111099427452,1652.8228407555584,1441.232474849189,5
PHI,82,51,31,1622.451010625062,1649.681941733981,1485.1329954368905,6
MIA,82,53,29,1614.7519400784508,1664.0801377143105,1500.0,7
MIL,82,51,31,1603.8125746423464,1642.6242261175094,1464.4309755472784,8
MIN,82,46,36,1584.253035804515,1657.562922636182,1417.4586998124244,9
ATL,82,43,39,1576.126989698931,1584.6011735358456,1384.831513097635,10
GSW,82,52,30,1572.3019253031064,1701.5191664143442,1488.3140720210379,11
CHA,82,43,39,1559.393934138192,1578.6153356442708,1428.5189640651172,12
DEN,82,48,34,1558.645541638252,1628.849859108397,1467.1471651363365,13
LAC,82,43,39,1549.0955797468514,1588.7369276655606,1432.9902734198586,14
UTA,82,49,33,1541.8735279242778,1682.3989087028308,1492.6635368523011,15
BKN,82,44,38,1536.5552204101848,1637.090105256733,1380.7072818188321,16
NYK,82,37,45,1507.9497208339005,1565.1159257976988,1346.0054881804804,17
NOP,82,36,46,1500.3664961590337,1571.0070795591575,1348.0443558589075,18
SAS,82,34,48,1478.2779654862818,1522.102788508394,1379.7480103705152,19
CHI,82,46,36,1468.7911405117313,1649.2277299744546,1443.7051042208786,20
CLE,82,44,38,1459.7644228738457,1646.8477855683961,1428.7030560180365,21
SAC,82,30,52,1392.6706464095791,1519.7236490180205,1307.0819103100007,22
WAS,82,35,47,1391.2196385441475,1593.8992103325788,1318.9127037255216,23
LAL,82,33,49,1381.165140227494,1521.5798233165117,1334.2346885495606,24
DET,82,23,59,1374.235725736795,1500.0,1259.0498775382941,25
ORL,82,22,60,1339.942503000665,1500.0,1254.026324265946,26
OKC,82,24,58,1299.9214862417834,1500.0,1278.46662384312,27
IND,82,25,57,1292.1939978649625,1509.4243381619408,1292.1939978649625,28
HOU,82,20,62,1265.0963215025922,1503.3951871230681,1247.2001194644963,29
POR,82,27,55,1208.1225728769957,1549.2224131508647,1208.1225728769957,30
