marginScale,marginWeight,wpWeight,alpha,logLoss,brier,auc,accuracy,meanPrediction,actualHomeWinRate
25.0,1.0,0.0,0.75,0.6168121344678115,0.21455240279263776,0.7084708866560621,0.656910569105691,0.5431262149429918,0.5439024390243903
25.0,0.75,0.25,0.75,0.6168350394229118,0.2145755401556026,0.7087053601165971,0.6560975609756098,0.5428349636847631,0.5439024390243903
20.0,0.75,0.25,0.5,0.6169545255285049,0.21464745664272886,0.7078047688704507,0.656910569105691,0.5432234887916056,0.5439024390243903
25.0,0.75,0.25,0.5,0.6169552034004743,0.21464846774568802,0.7076555584864739,0.6577235772357723,0.543315033233298,0.5439024390243903
20.0,1.0,0.0,0.5,0.6169791958997985,0.21464549164231234,0.7077408215630321,0.6544715447154471,0.5433924489456948,0.5439024390243903
18.0,0.75,0.25,0.5,0.6169792614236536,0.21465801510658802,0.7078367425241602,0.656910569105691,0.5431809363848915,0.5439024390243903
20.0,0.75,0.25,0.75,0.616979402188325,0.21462887362283978,0.708692037760885,0.656910569105691,0.5427149680654412,0.5439024390243903
25.0,1.0,0.0,0.5,0.6169817703018068,0.21464619650413416,0.7076422361307616,0.6544715447154471,0.5435165586680356,0.5439024390243903
25.0,0.5,0.5,0.75,0.6169858591805653,0.2146503537402927,0.708830590260292,0.6577235772357723,0.5425366384498691,0.5439024390243903
20.0,0.5,0.5,0.5,0.6169910636169449,0.21467532034714115,0.707890031947009,0.6585365853658537,0.5430501676016455,0.5439024390243903
25.0,0.5,0.5,0.5,0.6169917166215105,0.21467681119695553,0.7078926964181516,0.6577235772357723,0.5431101192848123,0.5439024390243903
18.0,0.5,0.5,0.5,0.6170055946581431,0.21468122986881538,0.7078527293510147,0.6585365853658537,0.5430221501844296,0.5439024390243903
20.0,1.0,0.0,0.75,0.6170075047124779,0.21462730173136385,0.7087666429528734,0.656910569105691,0.5429618633902658,0.5439024390243903
18.0,1.0,0.0,0.5,0.6170151978198815,0.21466138525411912,0.7077701307455989,0.6544715447154471,0.5433350705690254,0.5439024390243903
15.0,0.5,0.5,0.5,0.6170573853288761,0.21470340499928545,0.7077834531013112,0.6593495934959349,0.5429754910339789,0.5439024390243903
15.0,0.75,0.25,0.5,0.6170652768750635,0.21469547821089027,0.7077594728610292,0.6552845528455284,0.5431103424354804,0.5439024390243903
25.0,1.0,0.0,1.0,0.6170770444551534,0.21462171142313957,0.7094780567479063,0.6552845528455284,0.5427805961333435,0.5439024390243903
20.0,0.5,0.5,0.75,0.6170777141435627,0.21468264657959582,0.7088092744911526,0.656910569105691,0.5424589667034972,0.5439024390243903
18.0,0.75,0.25,0.75,0.6170820041378566,0.21466927320243126,0.7087266758857369,0.6560975609756098,0.5426595055200957,0.5439024390243903
20.0,0.25,0.75,0.5,0.6170906623425328,0.21472963624404215,0.7080099331484191,0.6609756097560976,0.5428724924705062,0.5439024390243903
25.0,0.25,0.75,0.5,0.6170916139583896,0.2147310361278705,0.7080339133887009,0.6609756097560976,0.5429019038911594,0.5439024390243903
18.0,0.25,0.75,0.5,0.6170967130320599,0.2147319124334848,0.7079886173792794,0.6609756097560976,0.5428586741789498,0.5439024390243903
15.0,0.25,0.75,0.5,0.6171194190150251,0.21474139559319771,0.7080392423309859,0.6609756097560976,0.5428355756309158,0.5439024390243903
15.0,1.0,0.0,0.5,0.6171394500877828,0.21471616002441396,0.7077514794476019,0.6552845528455284,0.5432402524743926,0.5439024390243903
18.0,0.5,0.5,0.75,0.6171407198863943,0.21470676303418432,0.708841248144862,0.6560975609756098,0.5424227906949253,0.5439024390243903
18.0,1.0,0.0,0.75,0.6171524813930079,0.21468554583379512,0.7087346692991643,0.656910569105691,0.5428864845006113,0.5439024390243903
25.0,0.75,0.25,1.0,0.6171639910599147,0.2146679926005364,0.7095526619398949,0.6544715447154471,0.542406072637881,0.5439024390243903
12.0,0.25,0.75,0.5,0.6171714454996639,0.2147639687275651,0.7080072686772766,0.6617886178861788,0.5428098958133377,0.5439024390243903
12.0,0.5,0.5,0.5,0.6171715040430398,0.2147533290819027,0.7077834531013111,0.6593495934959349,0.5429238123610213,0.5439024390243903
10.0,0.25,0.75,0.5,0.6172350843936645,0.21479192597843813,0.7080046042061342,0.6617886178861788,0.5427918202090778,0.5439024390243903
12.0,0.75,0.25,0.5,0.6172499656775837,0.2147767316153674,0.7077754596878839,0.6544715447154471,0.5430324682776346,0.5439024390243903
8.0,0.0,1.0,0.5,0.6172552621737547,0.21481095318522653,0.7079673016101399,0.6601626016260163,0.5426904775561331,0.5439024390243903
10.0,0.0,1.0,0.5,0.6172552621737547,0.21481095318522653,0.7079673016101399,0.6601626016260163,0.5426904775561331,0.5439024390243903
12.0,0.0,1.0,0.5,0.6172552621737547,0.21481095318522653,0.7079673016101399,0.6601626016260163,0.5426904775561331,0.5439024390243903
15.0,0.0,1.0,0.5,0.6172552621737547,0.21481095318522653,0.7079673016101399,0.6601626016260163,0.5426904775561331,0.5439024390243903
18.0,0.0,1.0,0.5,0.6172552621737547,0.21481095318522653,0.7079673016101399,0.6601626016260163,0.5426904775561331,0.5439024390243903
20.0,0.0,1.0,0.5,0.6172552621737547,0.21481095318522653,0.7079673016101399,0.6601626016260163,0.5426904775561331,0.5439024390243903
25.0,0.0,1.0,0.5,0.6172552621737547,0.21481095318522653,0.7079673016101399,0.6601626016260163,0.5426904775561331,0.5439024390243903
25.0,0.25,0.75,0.75,0.6172659828006881,0.21477648222446996,0.7090943729033943,0.6560975609756098,0.5422314835811122,0.5439024390243903
15.0,0.5,0.5,0.75,0.6172828366964296,0.214763718000622,0.7088572349717166,0.656910569105691,0.5423627712974891,0.5439024390243903
10.0,0.5,0.5,0.5,0.6173073747093969,0.21481321119135235,0.7076608874287587,0.6593495934959349,0.5428875053862043,0.5439024390243903
20.0,0.25,0.75,0.75,0.6173082093110608,0.21479031581664235,0.709033090067118,0.6560975609756098,0.542193879899322,0.5439024390243903
15.0,0.75,0.25,0.75,0.6173148060285446,0.21476411312286112,0.7087586495394462,0.656910569105691,0.5425679739153431,0.5439024390243903
18.0,0.25,0.75,0.75,0.6173363137024501,0.2148006389857393,0.7090570703074,0.6560975609756098,0.5421762335966956,0.5439024390243903
8.0,0.25,0.75,0.5,0.6173371511636514,0.21483693962116177,0.7077914465147384,0.6601626016260163,0.5427735196791007,0.5439024390243903
15.0,0.25,0.75,0.75,0.6173995772310417,0.21482538434003154,0.7090277611248331,0.6544715447154471,0.5421468094045675,0.5439024390243903
12.0,1.0,0.0,0.5,0.6174017909988102,0.21483200041769746,0.7076688808421862,0.6560975609756098,0.5431361004135336,0.5439024390243903
25.0,0.5,0.5,1.0,0.6174579856928585,0.21479617276836027,0.7096032868916013,0.656910569105691,0.5420197662440296,0.5439024390243903
10.0,0.75,0.25,0.5,0.6174653463246927,0.21487183908020388,0.7075383217562062,0.6544715447154471,0.5429778855399104,0.5439024390243903
15.0,1.0,0.0,0.75,0.6174845200697937,0.21482232410686122,0.7087773008374433,0.6560975609756098,0.5427627675078783,0.5439024390243903
12.0,0.25,0.75,0.75,0.6175052169221095,0.21486897514831174,0.7088332547314345,0.6528455284552845,0.5421143084119537,0.5439024390243903
20.0,0.75,0.25,1.0,0.6175054727461627,0.2147933009557556,0.7095633198244646,0.6536585365853659,0.5422655820325288,0.5439024390243903
12.0,0.5,0.5,0.75,0.6175170382278924,0.21486139973647672,0.7086920377608851,0.6552845528455284,0.542296777012249,0.5439024390243903
8.0,0.5,0.5,0.5,0.6175209275856873,0.21490750879616405,0.7073917758433717,0.6593495934959349,0.5428507279188796,0.5439024390243903
20.0,1.0,0.0,1.0,0.6175456121323576,0.21479805915137962,0.7096885499681596,0.6544715447154471,0.5425859324076303,0.5439024390243903
15.0,0.75,0.25,0.25,0.6175702587885613,0.2149125579711825,0.7066830265194813,0.6617886178861788,0.5437360343303229,0.5439024390243903
15.0,0.5,0.5,0.25,0.6175724174833533,0.21492046020896183,0.7067016778174784,0.6650406504065041,0.5436702889792943,0.5439024390243903
18.0,0.75,0.25,0.25,0.6175753408705702,0.21491247111105705,0.7066910199329087,0.6626016260162602,0.5437771247379362,0.5439024390243903
18.0,0.5,0.5,0.25,0.617577093272292,0.2149210885083685,0.7066697041637691,0.6650406504065041,0.5436975962708703,0.5439024390243903
15.0,1.0,0.0,0.25,0.6175861688476265,0.21491268485629844,0.7065471384912165,0.6593495934959349,0.5438004453123917,0.5439024390243903
20.0,0.5,0.5,0.25,0.6175890100362921,0.21492552791317832,0.7066537173369144,0.6642276422764227,0.543713917178438,0.5439024390243903
18.0,1.0,0.0,0.25,0.6175905939396501,0.21491131314580064,0.7065684542603562,0.6609756097560976,0.5438553878286047,0.5439024390243903
20.0,0.75,0.25,0.25,0.6175927299246308,0.21491879274374445,0.7066244081543476,0.6617886178861788,0.5438017343724062,0.5439024390243903
15.0,0.25,0.75,0.25,0.6175931610179312,0.21493660491885025,0.7067309870000453,0.6642276422764227,0.543603190307851,0.5439024390243903
18.0,0.25,0.75,0.25,0.617596200952364,0.21493729209448065,0.7067682895960394,0.6634146341463415,0.5436167963939121,0.5439024390243903
12.0,0.5,0.5,0.25,0.6175985187953011,0.21493372254795962,0.7066910199329086,0.6650406504065041,0.5436397919834353,0.5439024390243903
20.0,0.25,0.75,0.25,0.6176023552210781,0.2149396413298377,0.7067576317114697,0.6634146341463415,0.5436249117776562,0.5439024390243903
12.0,0.25,0.75,0.25,0.6176049576586821,0.2149426230940285,0.7067096712309058,0.6642276422764227,0.5435879609856351,0.5439024390243903
12.0,0.75,0.25,0.25,0.6176129509179792,0.21493417442523916,0.7065258227220771,0.6617886178861788,0.5436902489469623,0.5439024390243903
20.0,1.0,0.0,0.25,0.6176132636384151,0.2149193592779771,0.7066110857986353,0.6617886178861788,0.5438883624805614,0.5439024390243903
10.0,0.25,0.75,0.75,0.617615708158816,0.21491594184087487,0.708668057520603,0.6536585365853659,0.5420916568161988,0.5439024390243903
25.0,0.25,0.75,0.25,0.6176235098358852,0.2149482377072499,0.706770954067182,0.6626016260162602,0.5436421510022608,0.5439024390243903
10.0,0.25,0.75,0.25,0.6176283961488536,0.2149536073092844,0.7067070067597633,0.6642276422764227,0.5435771369473001,0.5439024390243903
25.0,0.5,0.5,0.25,0.6176317560248611,0.21494269708151179,0.7065737832026411,0.6642276422764227,0.5437486842109794,0.5439024390243903
8.0,0.0,1.0,0.25,0.6176330230230286,0.2149612091557856,0.706765625124897,0.6634146341463415,0.5435347195499884,0.5439024390243903
10.0,0.0,1.0,0.25,0.6176330230230286,0.2149612091557856,0.706765625124897,0.6634146341463415,0.5435347195499884,0.5439024390243903
12.0,0.0,1.0,0.25,0.6176330230230286,0.2149612091557856,0.706765625124897,0.6634146341463415,0.5435347195499884,0.5439024390243903
15.0,0.0,1.0,0.25,0.6176330230230286,0.2149612091557856,0.706765625124897,0.6634146341463415,0.5435347195499884,0.5439024390243903
18.0,0.0,1.0,0.25,0.6176330230230286,0.2149612091557856,0.706765625124897,0.6634146341463415,0.5435347195499884,0.5439024390243903
20.0,0.0,1.0,0.25,0.6176330230230286,0.2149612091557856,0.706765625124897,0.6634146341463415,0.5435347195499884,0.5439024390243903
25.0,0.0,1.0,0.25,0.6176330230230286,0.2149612091557856,0.706765625124897,0.6634146341463415,0.5435347195499884,0.5439024390243903
12.0,1.0,0.0,0.25,0.6176475306062951,0.21494365559695403,0.7064565464723735,0.6560975609756098,0.5437393677304857,0.5439024390243903
10.0,0.5,0.5,0.25,0.617647621860238,0.21495674434480236,0.7065844410872109,0.6642276422764227,0.5436181474418048,0.5439024390243903
25.0,0.75,0.25,0.25,0.617657741216058,0.21494462664799205,0.7065471384912165,0.6617886178861788,0.5438543056286496,0.5439024390243903
20.0,0.5,0.5,1.0,0.6176730310231217,0.2148723655018331,0.7097125302084415,0.6585365853658537,0.5419300717477509,0.5439024390243903
8.0,0.25,0.75,0.25,0.6176731765668391,0.21497407259308302,0.7066137502697777,0.6634146341463415,0.5435660648116554,0.5439024390243903
8.0,0.0,1.0,0.75,0.6176770529842853,0.21495355845087113,0.7088492415582893,0.656910569105691,0.5419197604266627,0.5439024390243903
10.0,0.0,1.0,0.75,0.6176770529842853,0.21495355845087113,0.7088492415582893,0.656910569105691,0.5419197604266627,0.5439024390243903
12.0,0.0,1.0,0.75,0.6176770529842853,0.21495355845087113,0.7088492415582893,0.656910569105691,0.5419197604266627,0.5439024390243903
15.0,0.0,1.0,0.75,0.6176770529842853,0.21495355845087113,0.7088492415582893,0.656910569105691,0.5419197604266627,0.5439024390243903
18.0,0.0,1.0,0.75,0.6176770529842853,0.21495355845087113,0.7088492415582893,0.656910569105691,0.5419197604266627,0.5439024390243903
20.0,0.0,1.0,0.75,0.6176770529842853,0.21495355845087113,0.7088492415582893,0.656910569105691,0.5419197604266627,0.5439024390243903
25.0,0.0,1.0,0.75,0.6176770529842853,0.21495355845087113,0.7088492415582893,0.656910569105691,0.5419197604266627,0.5439024390243903
10.0,0.75,0.25,0.25,0.6176897605868932,0.21497019029459344,0.7064165794052367,0.6609756097560976,0.5436578027482898,0.5439024390243903
12.0,0.75,0.25,0.75,0.6176956302509441,0.21492403181827383,0.708668057520603,0.6544715447154471,0.5424678628671394,0.5439024390243903
25.0,1.0,0.0,0.25,0.6177014501545761,0.21495406615526405,0.7065764476737835,0.6609756097560976,0.5439590019239317,0.5439024390243903
10.0,1.0,0.0,0.5,0.6177028365396738,0.2149650486976285,0.7072798680553891,0.6544715447154471,0.5430632991931805,0.5439024390243903
18.0,0.75,0.25,1.0,0.6177082454517954,0.21487097444879505,0.7095420040553251,0.6544715447154471,0.5422009239745307,0.5439024390243903
8.0,0.5,0.5,0.25,0.6177396257389954,0.21499880987533895,0.7064592109435157,0.6626016260162602,0.5435960147509116,0.5439024390243903
10.0,1.0,0.0,0.25,0.6177539194669293,0.21499353171962965,0.7062966782038267,0.6560975609756098,0.5436961532076413,0.5439024390243903
10.0,0.5,0.5,0.75,0.6177571824116732,0.2149638905548399,0.7085108537231988,0.6552845528455284,0.542250846156085,0.5439024390243903
8.0,0.25,0.75,0.75,0.6177781424242037,0.21498607702296535,0.7084602287714923,0.6544715447154471,0.5420689658834624,0.5439024390243903
18.0,0.5,0.5,1.0,0.6177974629709799,0.2149189129723385,0.7097471683332934,0.6577235772357723,0.5418883901733139,0.5439024390243903
8.0,0.75,0.25,0.5,0.6177982912727522,0.21501892049338617,0.7071679602674064,0.6544715447154471,0.5429226017151739,0.5439024390243903
8.0,0.75,0.25,0.25,0.6178312194482692,0.2150348793853183,0.7062300664252656,0.6577235772357723,0.5436246404573759,0.5439024390243903
18.0,1.0,0.0,1.0,0.617832048038743,0.21490955921457455,0.7096379250164531,0.6544715447154471,0.5424972191813685,0.5439024390243903
8.0,1.0,0.0,0.25,0.6179468727561748,0.2150817649142825,0.7059316456573117,0.6552845528455284,0.5436520105019899,0.5439024390243903
25.0,0.25,0.75,1.0,0.6179628164601421,0.21500584551669497,0.709733845977581,0.6544715447154471,0.5416221643618332,0.5439024390243903
12.0,1.0,0.0,0.75,0.6180259864750758,0.2150505925889879,0.7085295050211958,0.6577235772357723,0.5426282540943896,0.5439024390243903
15.0,0.5,0.5,1.0,0.6180490680590367,0.21501680726627875,0.7096219381895985,0.6552845528455284,0.5418194383366091,0.5439024390243903
20.0,0.25,0.75,1.0,0.6180609293230014,0.21503891444222914,0.7097924643427149,0.6528455284552845,0.5415794371036339,0.5439024390243903
10.0,0.75,0.25,0.75,0.6180805529312567,0.21508863504622322,0.7082763802626636,0.6560975609756098,0.5423983738153858,0.5439024390243903
8.0,0.5,0.5,0.75,0.6181031972993268,0.21511341471111292,0.7082257553109571,0.6544715447154471,0.542204714578757,0.5439024390243903
18.0,0.25,0.75,1.0,0.6181162837256747,0.21505890221878862,0.7097818064581451,0.6528455284552845,0.5415593937389984,0.5439024390243903
15.0,0.75,0.25,1.0,0.6181214917540555,0.21503420706108609,0.7095393395841826,0.6536585365853659,0.542094659263643,0.5439024390243903
8.0,1.0,0.0,0.5,0.618161819920533,0.2151677539475668,0.7067229935866179,0.6536585365853659,0.5429896122885906,0.5439024390243903
15.0,0.25,0.75,1.0,0.6182274448083951,0.21510114928155713,0.7096592407855926,0.6544715447154471,0.5415260396481841,0.5439024390243903
15.0,0.75,0.25,0.1,0.6183553426728988,0.21523267611120034,0.7056731919564945,0.6609756097560976,0.5441581912835435,0.5439024390243903
15.0,1.0,0.0,0.1,0.6183561149980702,0.2152299757753248,0.705579935466509,0.6609756097560976,0.5441837014191534,0.5439024390243903
12.0,0.75,0.25,0.1,0.6183561163343145,0.2152348618205867,0.7056572051296399,0.6609756097560976,0.5441379484795067,0.5439024390243903
15.0,0.5,0.5,0.1,0.6183576288827677,0.21523676011582954,0.7058224023404714,0.6609756097560976,0.5441324557754196,0.5439024390243903
12.0,0.5,0.5,0.1,0.6183577498757609,0.21523802234566322,0.7057611195041952,0.6601626016260163,0.5441189609343468,0.5439024390243903
12.0,1.0,0.0,0.1,0.6183579160834791,0.21523326914077337,0.7055612841685118,0.6609756097560976,0.5441567119364062,0.5439024390243903
12.0,0.25,0.75,0.1,0.6183628674526382,0.2152427738652699,0.7057238169082011,0.6617886178861788,0.5440997466617661,0.5439024390243903
15.0,0.25,0.75,0.1,0.6183630094592623,0.2152422429354994,0.7057424682061981,0.6617886178861788,0.5441064934840008,0.5439024390243903
18.0,0.25,0.75,0.1,0.6183689999099119,0.21524438874322072,0.7057291458504859,0.6617886178861788,0.5441124955831524,0.5439024390243903
10.0,0.25,0.75,0.1,0.6183692352313241,0.21524603875163728,0.7056971721967766,0.6609756097560976,0.5440949234039877,0.5439024390243903
18.0,0.5,0.5,0.1,0.6183694087210612,0.21524094096126795,0.7057771063310498,0.6609756097560976,0.5441444726791944,0.5439024390243903
10.0,0.5,0.5,0.1,0.6183708583045927,0.21524472996979677,0.7056998366679189,0.6601626016260163,0.5441093200971021,0.5439024390243903
8.0,0.0,1.0,0.1,0.6183715207310679,0.21524913982565452,0.7056332248893578,0.6626016260162602,0.5440803030015986,0.5439024390243903
10.0,0.0,1.0,0.1,0.6183715207310679,0.21524913982565452,0.7056332248893578,0.6626016260162602,0.5440803030015986,0.5439024390243903
12.0,0.0,1.0,0.1,0.6183715207310679,0.21524913982565452,0.7056332248893578,0.6626016260162602,0.5440803030015986,0.5439024390243903
15.0,0.0,1.0,0.1,0.6183715207310679,0.21524913982565452,0.7056332248893578,0.6626016260162602,0.5440803030015986,0.5439024390243903
18.0,0.0,1.0,0.1,0.6183715207310679,0.21524913982565452,0.7056332248893578,0.6626016260162602,0.5440803030015986,0.5439024390243903
20.0,0.0,1.0,0.1,0.6183715207310679,0.21524913982565452,0.7056332248893578,0.6626016260162602,0.5440803030015986,0.5439024390243903
25.0,0.0,1.0,0.1,0.6183715207310679,0.21524913982565452,0.7056332248893578,0.6626016260162602,0.5440803030015986,0.5439024390243903
18.0,0.75,0.25,0.1,0.6183727229391878,0.21523878759241738,0.7056545406584973,0.6609756097560976,0.544176234737254,0.5439024390243903
20.0,0.25,0.75,0.1,0.6183744596139696,0.21524651089283323,0.7057344747927707,0.6617886178861788,0.5441160682767657,0.5439024390243903
10.0,0.75,0.25,0.1,0.6183763254852809,0.215245183170749,0.7055772709953665,0.6601626016260163,0.5441234967963596,0.5439024390243903
18.0,1.0,0.0,0.1,0.6183789185989493,0.21523791976401704,0.7055612841685118,0.6609756097560976,0.5442077822177799,0.5439024390243903
20.0,0.5,0.5,0.1,0.6183802937255404,0.21524515551007922,0.7057451326773405,0.6609756097560976,0.544151631757193,0.5439024390243903
8.0,0.25,0.75,0.1,0.6183846892954729,0.21525335499073187,0.7056891787833492,0.6609756097560976,0.5440899589791451,0.5439024390243903
10.0,1.0,0.0,0.1,0.6183855736585011,0.21524736854034457,0.705507994745663,0.6601626016260163,0.5441374571696439,0.5439024390243903
20.0,0.75,0.25,0.1,0.61838900599581,0.21524506847456745,0.7056492117162125,0.6609756097560976,0.5441869933789582,0.5439024390243903
25.0,0.25,0.75,0.1,0.6183895817803859,0.2152525890809385,0.7057025011390615,0.6626016260162602,0.5441236459877137,0.5439024390243903
12.0,0.25,0.75,1.0,0.6183923381812809,0.2151673537011123,0.7095020369881885,0.6536585365853659,0.5414894297447939,0.5439024390243903
20.0,1.0,0.0,0.1,0.6184005795305614,0.21524624457190591,0.7055825999376515,0.6609756097560976,0.5442221530921347,0.5439024390243903
8.0,0.5,0.5,0.1,0.6184021791072936,0.21525955539740615,0.7055879288799363,0.6601626016260163,0.5440993999556604,0.5439024390243903
25.0,0.5,0.5,0.1,0.6184107071820116,0.21525735115402003,0.7057078300813463,0.6609756097560976,0.5441668335674688,0.5439024390243903
12.0,0.5,0.5,1.0,0.6184201232890976,0.21516741915888607,0.7094274317961999,0.6528455284552845,0.5417441069403333,0.5439024390243903
15.0,1.0,0.0,1.0,0.6184213541418994,0.21514454914069178,0.7094487475653395,0.6544715447154471,0.5423524325312415,0.5439024390243903
8.0,0.75,0.25,0.1,0.6184239109316702,0.21526770281021718,0.7054813500342383,0.6601626016260163,0.5441086309395955,0.5439024390243903
25.0,0.75,0.25,0.1,0.6184348971187547,0.21526342943754648,0.7056572051296399,0.6609756097560976,0.5442098647597321,0.5439024390243903
8.0,1.0,0.0,0.1,0.6184498074584176,0.21527775975819982,0.7053827646019679,0.6609756097560976,0.5441176568560147,0.5439024390243903
25.0,1.0,0.0,0.1,0.618462151930774,0.21527082734119582,0.7055452973416572,0.6609756097560976,0.5442527385888127,0.5439024390243903
10.0,0.25,0.75,1.0,0.6185513954007273,0.21523362493977372,0.7093368397773568,0.6536585365853659,0.5414641775516472,0.5439024390243903
10.0,1.0,0.0,0.75,0.6185675899906226,0.21528226031391676,0.7080179265618465,0.6552845528455284,0.5425352373943116,0.5439024390243903
8.0,0.75,0.25,0.75,0.6186266203698395,0.21532451749379491,0.7077141768516075,0.6536585365853659,0.5423285253615951,0.5439024390243903
8.0,0.0,1.0,1.0,0.6186829327015375,0.21529656436096176,0.7094141094404878,0.6544715447154471,0.5412138067589637,0.5439024390243903
10.0,0.0,1.0,1.0,0.6186829327015375,0.21529656436096176,0.7094141094404878,0.6544715447154471,0.5412138067589637,0.5439024390243903
12.0,0.0,1.0,1.0,0.6186829327015375,0.21529656436096176,0.7094141094404878,0.6544715447154471,0.5412138067589637,0.5439024390243903
15.0,0.0,1.0,1.0,0.6186829327015375,0.21529656436096176,0.7094141094404878,0.6544715447154471,0.5412138067589637,0.5439024390243903
18.0,0.0,1.0,1.0,0.6186829327015375,0.21529656436096176,0.7094141094404878,0.6544715447154471,0.5412138067589637,0.5439024390243903
20.0,0.0,1.0,1.0,0.6186829327015375,0.21529656436096176,0.7094141094404878,0.6544715447154471,0.5412138067589637,0.5439024390243903
25.0,0.0,1.0,1.0,0.6186829327015375,0.21529656436096176,0.7094141094404878,0.6544715447154471,0.5412138067589637,0.5439024390243903
12.0,0.75,0.25,1.0,0.618729429951004,0.21528251189982078,0.7092009517490921,0.6528455284552845,0.5419792905139823,0.5439024390243903
10.0,0.5,0.5,1.0,0.618772364446514,0.21531464225932784,0.709182300451095,0.6536585365853659,0.5416921424071509,0.5439024390243903
8.0,0.25,0.75,1.0,0.6187730073232337,0.21532807384242575,0.7090783860765396,0.6520325203252032,0.5414391664124538,0.5439024390243903
8.0,0.0,1.0,0.0,0.6191333912027708,0.21554947676858652,0.7046846731626474,0.6601626016260163,0.5444613851831027,0.5439024390243903
8.0,0.25,0.75,0.0,0.6191333912027708,0.21554947676858652,0.7046846731626474,0.6601626016260163,0.5444613851831027,0.5439024390243903
8.0,0.5,0.5,0.0,0.6191333912027708,0.21554947676858652,0.7046846731626474,0.6601626016260163,0.5444613851831027,0.5439024390243903
8.0,0.75,0.25,0.0,0.6191333912027708,0.21554947676858652,0.7046846731626474,0.6601626016260163,0.5444613851831027,0.5439024390243903
8.0,1.0,0.0,0.0,0.6191333912027708,0.21554947676858652,0.7046846731626474,0.6601626016260163,0.5444613851831027,0.5439024390243903
10.0,0.0,1.0,0.0,0.6191333912027708,0.21554947676858652,0.7046846731626474,0.6601626016260163,0.5444613851831027,0.5439024390243903
10.0,0.25,0.75,0.0,0.6191333912027708,0.21554947676858652,0.7046846731626474,0.6601626016260163,0.5444613851831027,0.5439024390243903
10.0,0.5,0.5,0.0,0.6191333912027708,0.21554947676858652,0.7046846731626474,0.6601626016260163,0.5444613851831027,0.5439024390243903
10.0,0.75,0.25,0.0,0.6191333912027708,0.21554947676858652,0.7046846731626474,0.6601626016260163,0.5444613851831027,0.5439024390243903
10.0,1.0,0.0,0.0,0.6191333912027708,0.21554947676858652,0.7046846731626474,0.6601626016260163,0.5444613851831027,0.5439024390243903
12.0,0.0,1.0,0.0,0.6191333912027708,0.21554947676858652,0.7046846731626474,0.6601626016260163,0.5444613851831027,0.5439024390243903
12.0,0.25,0.75,0.0,0.6191333912027708,0.21554947676858652,0.7046846731626474,0.6601626016260163,0.5444613851831027,0.5439024390243903
12.0,0.5,0.5,0.0,0.6191333912027708,0.21554947676858652,0.7046846731626474,0.6601626016260163,0.5444613851831027,0.5439024390243903
12.0,0.75,0.25,0.0,0.6191333912027708,0.21554947676858652,0.7046846731626474,0.6601626016260163,0.5444613851831027,0.5439024390243903
12.0,1.0,0.0,0.0,0.6191333912027708,0.21554947676858652,0.7046846731626474,0.6601626016260163,0.5444613851831027,0.5439024390243903
15.0,0.0,1.0,0.0,0.6191333912027708,0.21554947676858652,0.7046846731626474,0.6601626016260163,0.5444613851831027,0.5439024390243903
15.0,0.25,0.75,0.0,0.6191333912027708,0.21554947676858652,0.7046846731626474,0.6601626016260163,0.5444613851831027,0.5439024390243903
15.0,0.5,0.5,0.0,0.6191333912027708,0.21554947676858652,0.7046846731626474,0.6601626016260163,0.5444613851831027,0.5439024390243903
15.0,0.75,0.25,0.0,0.6191333912027708,0.21554947676858652,0.7046846731626474,0.6601626016260163,0.5444613851831027,0.5439024390243903
15.0,1.0,0.0,0.0,0.6191333912027708,0.21554947676858652,0.7046846731626474,0.6601626016260163,0.5444613851831027,0.5439024390243903
18.0,0.0,1.0,0.0,0.6191333912027708,0.21554947676858652,0.7046846731626474,0.6601626016260163,0.5444613851831027,0.5439024390243903
18.0,0.25,0.75,0.0,0.6191333912027708,0.21554947676858652,0.7046846731626474,0.6601626016260163,0.5444613851831027,0.5439024390243903
18.0,0.5,0.5,0.0,0.6191333912027708,0.21554947676858652,0.7046846731626474,0.6601626016260163,0.5444613851831027,0.5439024390243903
18.0,0.75,0.25,0.0,0.6191333912027708,0.21554947676858652,0.7046846731626474,0.6601626016260163,0.5444613851831027,0.5439024390243903
18.0,1.0,0.0,0.0,0.6191333912027708,0.21554947676858652,0.7046846731626474,0.6601626016260163,0.5444613851831027,0.5439024390243903
20.0,0.0,1.0,0.0,0.6191333912027708,0.21554947676858652,0.7046846731626474,0.6601626016260163,0.5444613851831027,0.5439024390243903
20.0,0.25,0.75,0.0,0.6191333912027708,0.21554947676858652,0.7046846731626474,0.6601626016260163,0.5444613851831027,0.5439024390243903
20.0,0.5,0.5,0.0,0.6191333912027708,0.21554947676858652,0.7046846731626474,0.6601626016260163,0.5444613851831027,0.5439024390243903
20.0,0.75,0.25,0.0,0.6191333912027708,0.21554947676858652,0.7046846731626474,0.6601626016260163,0.5444613851831027,0.5439024390243903
20.0,1.0,0.0,0.0,0.6191333912027708,0.21554947676858652,0.7046846731626474,0.6601626016260163,0.5444613851831027,0.5439024390243903
25.0,0.0,1.0,0.0,0.6191333912027708,0.21554947676858652,0.7046846731626474,0.6601626016260163,0.5444613851831027,0.5439024390243903
25.0,0.25,0.75,0.0,0.6191333912027708,0.21554947676858652,0.7046846731626474,0.6601626016260163,0.5444613851831027,0.5439024390243903
25.0,0.5,0.5,0.0,0.6191333912027708,0.21554947676858652,0.7046846731626474,0.6601626016260163,0.5444613851831027,0.5439024390243903
25.0,0.75,0.25,0.0,0.6191333912027708,0.21554947676858652,0.7046846731626474,0.6601626016260163,0.5444613851831027,0.5439024390243903
25.0,1.0,0.0,0.0,0.6191333912027708,0.21554947676858652,0.7046846731626474,0.6601626016260163,0.5444613851831027,0.5439024390243903
8.0,0.5,0.5,1.0,0.6192535943327628,0.21551951585608367,0.7088705573274288,0.6536585365853659,0.541640363978427,0.5439024390243903
12.0,1.0,0.0,1.0,0.6192885692131908,0.21549974577834832,0.7088572349717166,0.651219512195122,0.5421964284255649,0.5439024390243903
10.0,0.75,0.25,1.0,0.6193001865338369,0.21552124131853484,0.7087932876642979,0.6520325203252032,0.5418999276573464,0.5439024390243903
8.0,1.0,0.0,0.75,0.6193265838397087,0.21560963403834685,0.7070533880082812,0.6536585365853659,0.5424418077867531,0.5439024390243903
8.0,0.75,0.25,1.0,0.6200687821935092,0.21584770624946675,0.7079566437255701,0.6528455284552845,0.5418206955199066,0.5439024390243903
10.0,1.0,0.0,1.0,0.6200965699028392,0.21583726846903273,0.7081618080035385,0.6552845528455284,0.5420896495899592,0.5439024390243903
8.0,1.0,0.0,1.0,0.6211729205688855,0.21629283619869266,0.707159966853979,0.6536585365853659,0.541983172167268,0.5439024390243903
