kFactor,homeCourtAdvantage,logLoss,brier,auc,accuracy,meanPrediction,actualHomeWinRate
30.0,35.0,0.6191333912027708,0.21554947676858652,0.7046846731626474,0.6601626016260163,0.5444613851831027,0.5439024390243903
30.0,30.0,0.6192208837153909,0.2155995036540734,0.7046020745572316,0.6617886178861788,0.5380201244637354,0.5439024390243903
30.0,40.0,0.6192359794567246,0.2155861862741787,0.7048072388351998,0.6552845528455284,0.5508832382775888,0.5439024390243903
30.0,25.0,0.61949906976284,0.21573692673622824,0.704450199702112,0.6560975609756098,0.5315622990813204,0.5439024390243903
35.0,35.0,0.6195217687745481,0.21576941478681816,0.7036934898976577,0.6601626016260163,0.5437427757647623,0.5439024390243903
30.0,45.0,0.6195279380117943,0.21570882609719597,0.7048845084983307,0.6552845528455284,0.557282883246428,0.5439024390243903
35.0,40.0,0.6196088336606487,0.21578938680797166,0.7037894108587857,0.6552845528455284,0.5500762626099005,0.5439024390243903
35.0,30.0,0.6196244741345406,0.21583390593364637,0.703605562349957,0.6560975609756098,0.5373897749549215,0.5439024390243903
25.0,35.0,0.6197138647889745,0.21571338197863402,0.7054760210919536,0.656910569105691,0.5452791809049773,0.5439024390243903
25.0,30.0,0.6197834930614048,0.21574656433533124,0.7054227316691047,0.6609756097560976,0.5387386342443874,0.5439024390243903
25.0,40.0,0.6198350627534976,0.21576958831040294,0.7056012512356484,0.6536585365853659,0.5518004278487267,0.5439024390243903
35.0,45.0,0.619884936834515,0.21589302923066453,0.7038666805219167,0.6626016260162602,0.5563874044626262,0.5439024390243903
35.0,25.0,0.6199175802040111,0.21598350654063278,0.7036188847056692,0.6520325203252032,0.5310201352147931,0.5439024390243903
30.0,20.0,0.6199684629369347,0.2159622560403359,0.704388916865836,0.6504065040650406,0.5250907884728606,0.5439024390243903
30.0,50.0,0.6200084604103118,0.21591644801504017,0.7049404623923221,0.6520325203252032,0.563657567832735,0.5439024390243903
25.0,25.0,0.6200445414834145,0.21586981044653972,0.7053774356596831,0.6617886178861788,0.5321815973520148,0.5439024390243903
25.0,45.0,0.6201463993793216,0.21591436197424732,0.7056598696007823,0.6536585365853659,0.558299606237501,0.5439024390243903
35.0,50.0,0.6203492466647164,0.21607940702632125,0.7039146410024806,0.6560975609756098,0.5626734203344109,0.5439024390243903
35.0,20.0,0.6204016143706701,0.21621871284282573,0.7035789176385325,0.6455284552845528,0.5246367693375708,0.5439024390243903
25.0,20.0,0.6204975089275983,0.21608364565795946,0.7053747711885408,0.6560975609756098,0.5256109146634351,0.5439024390243903
40.0,35.0,0.6205781213201343,0.2162428399726891,0.7027609249978017,0.6544715447154471,0.5431047719787727,0.5439024390243903
30.0,15.0,0.6206294764069749,0.2162758489362622,0.7043449530919855,0.6479674796747967,0.5186085023888131,0.5439024390243903
25.0,50.0,0.6206470950140647,0.21614673933707335,0.7057025011390614,0.6536585365853659,0.5647739933874971,0.5439024390243903
40.0,40.0,0.6206518188202534,0.2162481617877856,0.7028168788917931,0.6585365853658537,0.5493585891991356,0.5439024390243903
30.0,55.0,0.6206766461247141,0.21620796634742417,0.7050497057091623,0.6552845528455284,0.5700045935775718,0.5439024390243903
40.0,30.0,0.6206941800497979,0.2163199968961054,0.7026410237963917,0.6536585365853659,0.5368313539045454,0.5439024390243903
40.0,45.0,0.6209145202125065,0.21633518204781935,0.7028621749012147,0.656910569105691,0.555589947205758,0.5439024390243903
40.0,25.0,0.6210006422969189,0.21648026608912022,0.702635694854107,0.6471544715447154,0.5305412386273308,0.5439024390243903
35.0,55.0,0.6210008339003141,0.216347447708863,0.703922634415908,0.6544715447154471,0.5689315850654368,0.5439024390243903
35.0,15.0,0.6210769996151456,0.21653986809648187,0.703451023023695,0.6398373983739838,0.5182426214411019,0.5439024390243903
25.0,15.0,0.6211427980654383,0.21638844277696168,0.7052122384488515,0.6495934959349593,0.519029459704497,0.5439024390243903
25.0,55.0,0.6213362797166394,0.2164656190538303,0.7058437181096111,0.651219512195122,0.5712209180639696,0.5439024390243903
40.0,50.0,0.6213653700483568,0.2165029779875834,0.7029634248046277,0.6609756097560976,0.5617960391855154,0.5439024390243903
30.0,10.0,0.6214824219131355,0.21667790792580618,0.7043516142698416,0.6390243902439025,0.5121183745842384,0.5439024390243903
40.0,20.0,0.6214980486157187,0.21672413068008398,0.7025517640131198,0.6447154471544716,0.5242373686070206,0.5439024390243903
30.0,60.0,0.6215315026877812,0.21658216318094728,0.7052468765737032,0.6528455284552845,0.5763213211214177,0.5439024390243903
20.0,35.0,0.6217812772813627,0.2164917571105692,0.7061501322909922,0.6552845528455284,0.546216255834229,0.5439024390243903
20.0,30.0,0.6218291805981144,0.2165049877256267,0.7060861849835736,0.6552845528455284,0.5395626313092409,0.5439024390243903
35.0,60.0,0.6218386739458192,0.21669594669069692,0.703927963358193,0.6552845528455284,0.5751592348456305,0.5439024390243903
20.0,40.0,0.6219255837770361,0.2165710617739059,0.7062913492615419,0.6536585365853659,0.5528506544854208,0.5439024390243903
35.0,10.0,0.6219440534359381,0.2169471603452617,0.703384411245134,0.6382113821138211,0.5118406603783371,0.5439024390243903
25.0,10.0,0.6219807144277895,0.21678441989047184,0.7051029951320112,0.6447154471544716,0.5124401290936785,0.5439024390243903
40.0,55.0,0.622003411952743,0.21675048927310026,0.7030113852851917,0.6593495934959349,0.5679741158723223,0.5439024390243903
20.0,25.0,0.6220698676372437,0.21661144767296223,0.7060195732050124,0.6593495934959349,0.532892559734792,0.5439024390243903
40.0,15.0,0.6221868314082006,0.2170519204384083,0.7025557607198336,0.6398373983739838,0.5179227184353993,0.5439024390243903
25.0,60.0,0.6222129952385499,0.21686976714705264,0.7059209877727419,0.6430894308943089,0.5776377655412186,0.5439024390243903
20.0,45.0,0.622261436710359,0.2167420608327349,0.7063339807998209,0.656910569105691,0.5594630870253439,0.5439024390243903
20.0,20.0,0.6225038215727136,0.2168116808370878,0.7060035863781577,0.6642276422764227,0.5262088531396318,0.5439024390243903
30.0,5.0,0.6225275090044984,0.21716847911263157,0.7042796735489956,0.6341463414634146,0.5056233563926784,0.5439024390243903
30.0,65.0,0.6225719480205041,0.21703769408460052,0.7053108238811219,0.6479674796747967,0.5826051752311475,0.5439024390243903
20.0,50.0,0.6227880847043812,0.21700377047559413,0.7063766123381,0.6455284552845528,0.5660508570127367,0.5439024390243903
40.0,60.0,0.6228275910422686,0.21707652347321768,0.7031126351886047,0.6552845528455284,0.5741214912648386,0.5439024390243903
35.0,65.0,0.6228616493461543,0.21712357314510644,0.7040638513864576,0.6544715447154471,0.5813537724437952,0.5439024390243903
35.0,5.0,0.6230029870365148,0.21744062089531,0.7032831613417211,0.6333333333333333,0.5054338730244017,0.5439024390243903
25.0,5.0,0.6230114656915416,0.21727163883774803,0.7051536200837176,0.6398373983739838,0.5058458364345705,0.5439024390243903
40.0,10.0,0.623067313777917,0.21746380953019354,0.7024198726915688,0.6341463414634146,0.5116002879966144,0.5439024390243903
20.0,15.0,0.6231314337687054,0.2171060781792458,0.7058597049364658,0.6585365853658537,0.519514351224281,0.5439024390243903
25.0,65.0,0.6232761971892014,0.21735782256156222,0.7059316456573117,0.6382113821138211,0.5840219824075803,0.5439024390243903
20.0,55.0,0.6235046900273787,0.21735506839284569,0.7064085859918094,0.6430894308943089,0.5726113168172015,0.5439024390243903
30.0,0.0,0.6237648445257068,0.21774745136938864,0.7041064829247368,0.6300813008130082,0.4991264102135794,0.5439024390243903
30.0,70.0,0.6237968129464763,0.21757309427075125,0.7053427975348313,0.6398373983739838,0.5888536495327482,0.5439024390243903
40.0,65.0,0.6238367565647286,0.21747976205258981,0.7033577665337095,0.6552845528455284,0.5802355480367687,0.5439024390243903
20.0,10.0,0.6239530029082085,0.21749487559217703,0.7056585373652111,0.6487804878048781,0.5128119157022468,0.5439024390243903
50.0,35.0,0.6240233891306277,0.21766460564108595,0.7006613217375549,0.6528455284552845,0.5420121173909,0.5439024390243903
35.0,70.0,0.6240685524693912,0.21762887632681724,0.7041970749435797,0.6471544715447154,0.5875126721237321,0.5439024390243903
50.0,40.0,0.6240745916398542,0.21764503345264916,0.7007092822181189,0.6536585365853659,0.548125664401995,0.5439024390243903
40.0,5.0,0.6241397086627166,0.21795981500744627,0.7023186227881559,0.6325203252032521,0.5052730954993259,0.5439024390243903
50.0,30.0,0.6241624578331363,0.21776330314012884,0.7006693151509822,0.6479674796747967,0.535878881125351,0.5439024390243903
25.0,0.0,0.6242351611959945,0.21785000435201157,0.7050763504205868,0.6268292682926829,0.4992495061268872,0.5439024390243903
35.0,0.0,0.6242539047790256,0.21802012351432523,0.7032218785054449,0.6292682926829268,0.49902525747335386,0.5439024390243903
50.0,45.0,0.6243152742872528,0.2177038307766671,0.7008798083712354,0.6560975609756098,0.5542166220815993,0.5439024390243903
20.0,60.0,0.6244103304174922,0.21779469870333903,0.7064938490683677,0.6447154471544716,0.5791418724190235,0.5439024390243903
50.0,25.0,0.6244924773041792,0.2179417344440887,0.7005614040697132,0.6439024390243903,0.5297289028419442,0.5439024390243903
25.0,70.0,0.6245247573752021,0.2179283031518334,0.7059902640224456,0.6414634146341464,0.5903710810970663,0.5439024390243903
50.0,50.0,0.624744536662972,0.21784009891630135,0.7009783938035059,0.6560975609756098,0.5602821441378262,0.5439024390243903
20.0,5.0,0.6249687343280809,0.21797815238135543,0.7055559552262268,0.640650406504065,0.5061044245401255,0.5439024390243903
50.0,20.0,0.6250140136864498,0.21820035702841356,0.7005494139495722,0.6365853658536585,0.5235651700674795,0.5439024390243903
40.0,70.0,0.6250296647465615,0.2179587668352357,0.7034350361968404,0.6536585365853659,0.5863137426174084,0.5439024390243903
30.0,75.0,0.6252048438809693,0.21818678515364406,0.7052761857562702,0.6398373983739838,0.595064310932225,0.5439024390243903
50.0,55.0,0.6253613714719704,0.2180528013295563,0.7009037886115175,0.6585365853658537,0.5663194444134005,0.5439024390243903
40.0,0.0,0.6254041182515035,0.21853979604631227,0.7022813201921616,0.6260162601626016,0.4989441704156946,0.5439024390243903
35.0,75.0,0.625458088374247,0.21821029229986025,0.7042956603758503,0.6430894308943089,0.5936334842286691,0.5439024390243903
20.0,65.0,0.6255040010763493,0.2183212773406242,0.7065657897892137,0.6430894308943089,0.5856399879756152,0.5439024390243903
50.0,15.0,0.625727518105433,0.21853947436068516,0.7005387560650024,0.6373983739837399,0.5173907035403078,0.5439024390243903
25.0,75.0,0.6259574663029732,0.21857961205715487,0.7060435534452945,0.6439024390243903,0.59668264413133,0.5439024390243903
50.0,60.0,0.6261646672419152,0.21834076928417037,0.7010636568800641,0.6601626016260163,0.5723258029290137,0.5439024390243903
20.0,0.0,0.6261787395637207,0.2185558303858584,0.7054946723899507,0.6292682926829268,0.4993947661224002,0.5439024390243903
15.0,35.0,0.6262892971125378,0.21832626417111725,0.7066350660389173,0.656910569105691,0.5472872723847474,0.5439024390243903
15.0,30.0,0.6263098653622883,0.21831577007393288,0.7065204937797921,0.651219512195122,0.5405042485959296,0.5439024390243903
40.0,75.0,0.6264049818339881,0.2185119868850549,0.7035096413888289,0.6504065040650406,0.5923536099227121,0.5439024390243903
15.0,40.0,0.6264632464347502,0.21843304879700648,0.7065631253180713,0.6479674796747967,0.5540510423204342,0.5439024390243903
15.0,25.0,0.6265255050929999,0.2184022873035038,0.7063792768092425,0.6528455284552845,0.5337047305275756,0.5439024390243903
50.0,10.0,0.6266333253701218,0.21895923366714393,0.7004188548635923,0.6325203252032521,0.5112085499586646,0.5439024390243903
20.0,70.0,0.6267846168227468,0.21893329785931992,0.7065338161355044,0.6382113821138211,0.5921031901377463,0.5439024390243903
30.0,80.0,0.6267947056822074,0.21887708125550479,0.7052415476314184,0.6422764227642277,0.6012348037094829,0.5439024390243903
15.0,45.0,0.6268310740652566,0.2186352546728243,0.7065871055583532,0.651219512195122,0.5607928352059464,0.5439024390243903
15.0,20.0,0.6269366837013287,0.21858638492311339,0.7062167440695535,0.6609756097560976,0.5268915090756416,0.5439024390243903
35.0,80.0,0.6270288778486497,0.21886615101980614,0.7043969102792633,0.6422764227642277,0.5997138394178492,0.5439024390243903
50.0,65.0,0.6271532112728971,0.2187027080622512,0.7011142818317706,0.6577235772357723,0.578298571593198,0.5439024390243903
15.0,50.0,0.6273920567155709,0.21893186783083357,0.7066670396926266,0.6471544715447154,0.5675099691194677,0.5439024390243903
15.0,15.0,0.6275437810912569,0.21886847756920363,0.7061501322909922,0.6642276422764227,0.5200674012692712,0.5439024390243903
25.0,80.0,0.6275730358333714,0.2193100444178627,0.7060222376761548,0.6398373983739838,0.60295432805775,0.5439024390243903
50.0,5.0,0.6277316529855164,0.21945962447743284,0.7002456642393333,0.6292682926829268,0.505021774593775,0.5439024390243903
40.0,80.0,0.6279612873128908,0.219137765747541,0.7036508583593786,0.6398373983739838,0.598352767719879,0.5439024390243903
15.0,55.0,0.6281453885685347,0.2193217339160959,0.7065897700294956,0.640650406504065,0.5741998081381817,0.5439024390243903
20.0,75.0,0.6282510143968592,0.21962913762001518,0.706632401567775,0.6357723577235772,0.5985290721005266,0.5439024390243903
50.0,70.0,0.628325692812934,0.21913720365915884,0.7012768145714599,0.6544715447154471,0.5842351795541666,0.5439024390243903
15.0,10.0,0.6283470888754915,0.2192488233417472,0.706112829694998,0.6560975609756098,0.5132352449681635,0.5439024390243903
30.0,85.0,0.6285649846518031,0.21964219740895521,0.7053161528234069,0.640650406504065,0.6073628532723673,0.5439024390243903
35.0,85.0,0.6287794606050993,0.21959468371602978,0.7044661865289668,0.6414634146341464,0.6057514525417406,0.5439024390243903
50.0,0.0,0.62902260048318,0.22004047796310428,0.7003042826044672,0.624390243902439,0.49883345380666694,0.5439024390243903
15.0,60.0,0.6290901829341812,0.21980356296731562,0.7066590462791994,0.6382113821138211,0.5808597668690169,0.5439024390243903
15.0,5.0,0.6293468097621856,0.21972752229354456,0.7059529614264514,0.6430894308943089,0.5063978934688568,0.5439024390243903
25.0,85.0,0.6293701019765175,0.22011779438457188,0.7060382245030095,0.6382113821138211,0.609183867071592,0.5439024390243903
50.0,75.0,0.629680706442346,0.21964272991801478,0.7014260249554367,0.651219512195122,0.5901331381720472,0.5439024390243903
40.0,85.0,0.6296970772918921,0.2198343489954759,0.7036801675419455,0.640650406504065,0.6043089206112716,0.5439024390243903
20.0,80.0,0.62990195490489,0.22040706430930704,0.7066830265194812,0.6357723577235772,0.6049152973759907,0.5439024390243903
15.0,65.0,0.6302254740580945,0.22037593464302152,0.7067150001731907,0.6373983739837399,0.587487314769627,0.5439024390243903
30.0,90.0,0.6305141916708498,0.22048025620363232,0.7053854290731104,0.640650406504065,0.6134462695604912,0.5439024390243903
15.0,0.0,0.630543057129742,0.22030451553073307,0.7058330602250411,0.6365853658536585,0.49955821004298545,0.5439024390243903
35.0,90.0,0.6307082986180759,0.22039403051886353,0.7044954957115338,0.6382113821138211,0.6117441261449861,0.5439024390243903
50.0,80.0,0.6312167556493232,0.22021765603886706,0.7014846433205706,0.6504065040650406,0.595990045593043,0.5439024390243903
25.0,90.0,0.6313472278145843,0.2210009623715028,0.7060781915701463,0.6390243902439025,0.6153690763124374,0.5439024390243903
15.0,70.0,0.6315502190744625,0.22103730385686446,0.7067496382980425,0.6333333333333333,0.5940799802443478,0.5439024390243903
40.0,90.0,0.6316107680326161,0.2205998920205967,0.7037441148493642,0.6439024390243903,0.6102198636263397,0.5439024390243903
20.0,85.0,0.6317361263936171,0.2212652427502621,0.7065897700294956,0.634959349593496,0.6112596032760718,0.5439024390243903
30.0,95.0,0.6326407654578022,0.22138929562465393,0.7053081594099795,0.6365853658536585,0.6194829500909419,0.5439024390243903
35.0,95.0,0.6328137795883733,0.22126224827631272,0.7045381272498128,0.6398373983739838,0.6176897535888911,0.5439024390243903
50.0,85.0,0.6329322565784167,0.22086025439998686,0.7014979656762828,0.6430894308943089,0.6018035909102585,0.5439024390243903
15.0,75.0,0.6330633000954746,0.22178600678371627,0.7067389804134726,0.6317073170731707,0.6006353545014401,0.5439024390243903
25.0,95.0,0.6335029065399378,0.22195756250467474,0.7060835205124312,0.634959349593496,0.621507854827301,0.5439024390243903
40.0,95.0,0.6337006996107499,0.22143246801310565,0.7037947398010705,0.6390243902439025,0.6160834854131024,0.5439024390243903
20.0,90.0,0.6337521465438734,0.22220174195773082,0.706592434500638,0.6365853658536585,0.6175598040967355,0.5439024390243903
15.0,80.0,0.6347635264282449,0.22262026719656183,0.7066963488751936,0.6325203252032521,0.6071510951595703,0.5439024390243903
50.0,90.0,0.6348255419332137,0.2215687086279957,0.7015565840414165,0.6439024390243903,0.6075715578991762,0.5439024390243903
30.0,100.0,0.6349430759339963,0.2223672768308593,0.7052895081119824,0.6373983739837399,0.6254708826404225,0.5439024390243903
35.0,100.0,0.6350942205189727,0.2221973185054058,0.7045594430189523,0.6390243902439025,0.6235863217879114,0.5439024390243903
10.0,30.0,0.6351346692302601,0.22211278663590642,0.706238059838693,0.6495934959349593,0.5415487082928234,0.5439024390243903
10.0,35.0,0.6351490050349282,0.22215024597663602,0.7063659544535303,0.6479674796747967,0.5484767646445712,0.5439024390243903
10.0,25.0,0.6353189451990472,0.22217669082577793,0.7062407243098353,0.6528455284552845,0.534603916461746,0.5439024390243903
10.0,40.0,0.6353614140745033,0.22228830574494504,0.7063792768092425,0.6422764227642277,0.5553853170730585,0.5439024390243903
10.0,20.0,0.6357022883677734,0.22234256598969335,0.7062034217138412,0.6520325203252032,0.5276451871677392,0.5439024390243903
10.0,45.0,0.6357712757326349,0.2225260503814521,0.7064432241166612,0.640650406504065,0.5622716314530067,0.5439024390243903
25.0,100.0,0.6358355645957645,0.2229855302159063,0.7060568758010066,0.6341463414634146,0.6275981881951006,0.5439024390243903
20.0,95.0,0.6359485654716793,0.2232145423925443,0.7066217436832051,0.6325203252032521,0.623813793996039,0.5439024390243903
40.0,100.0,0.6359651396912807,0.22233007607140112,0.7038453647527771,0.6390243902439025,0.621897771023607,0.5439024390243903
10.0,15.0,0.6362850701728117,0.22261086125147847,0.7060835205124311,0.6609756097560976,0.5206753431346929,0.5439024390243903
10.0,50.0,0.6363778885012633,0.2228624155946183,0.7064272372898065,0.634959349593496,0.5691330125870974,0.5439024390243903
15.0,85.0,0.6366496369100172,0.22353820309288186,0.7066190792120626,0.6268292682926829,0.6136249295931604,0.5439024390243903
50.0,95.0,0.636894865014162,0.22234112185351215,0.7017137878388208,0.6422764227642277,0.613291828319036,0.5439024390243903
10.0,10.0,0.6370675773423392,0.22298186531727304,0.706040888974152,0.6609756097560976,0.5136972268291219,0.5439024390243903
10.0,55.0,0.6371804713135439,0.22329619258056385,0.7064032570495244,0.6333333333333333,0.5759668086612836,0.5439024390243903
10.0,5.0,0.6380500113412843,0.22345570495461287,0.7060022541425865,0.6471544715447154,0.5067136954150382,0.5439024390243903
10.0,60.0,0.6381781650180286,0.22382603271022816,0.7064831911837978,0.6260162601626016,0.5827704155300456,0.5439024390243903
20.0,100.0,0.6383238686254894,0.22430154336866287,0.7065524674335014,0.6276422764227643,0.6300195495608812,0.5439024390243903
15.0,90.0,0.6387203023520575,0.22453783356833978,0.7066856909906237,0.6211382113821138,0.6200546580079727,0.5439024390243903
50.0,100.0,0.6391384038723352,0.2231755250897294,0.7016658273582568,0.6398373983739838,0.6189623847746076,0.5439024390243903
10.0,0.0,0.6392324879816909,0.22403234406006553,0.705915658830457,0.6382113821138211,0.4997276156487554,0.5439024390243903
10.0,65.0,0.6393700339879856,0.22445045265298383,0.7065151648375072,0.6252032520325204,0.5895412808166893,0.5439024390243903
10.0,70.0,0.6407550678592543,0.22516783990351844,0.7064725332992281,0.6203252032520326,0.5962769078150333,0.5439024390243903
15.0,95.0,0.6409741280823358,0.22561708589510024,0.7066164147409202,0.6186991869918699,0.6264381562400322,0.5439024390243903
10.0,75.0,0.6423321833895671,0.22597645867682462,0.7065125003663648,0.616260162601626,0.6029748591801495,0.5439024390243903
15.0,100.0,0.6434096565768805,0.226773802762016,0.7066297370966323,0.616260162601626,0.6327733782727385,0.5439024390243903
10.0,80.0,0.6441002264318767,0.22687445613450893,0.7065151648375072,0.6154471544715447,0.6096327603971984,0.5439024390243903
10.0,85.0,0.6460579740138679,0.22785986890435428,0.7064938490683677,0.6089430894308943,0.6162483030188243,0.5439024390243903
10.0,90.0,0.6482041365155271,0.2289306298541387,0.7065125003663648,0.6113821138211382,0.6228192476630346,0.5439024390243903
10.0,95.0,0.6505373599364028,0.230084575080145,0.7064858556549404,0.6024390243902439,0.6293434267649621,0.5439024390243903
5.0,30.0,0.6525680890788411,0.23011866491559135,0.7057637839753376,0.6365853658536585,0.5425760866685343,0.5439024390243903
5.0,35.0,0.6526237171730794,0.23017899536398,0.7058623694076082,0.6276422764227643,0.5496483645399116,0.5439024390243903
5.0,25.0,0.6527157541563002,0.23016351810590097,0.7056838498410642,0.6439024390243903,0.5354865196614097,0.5439024390243903
5.0,40.0,0.652882098593181,0.23034368097101238,0.7058357246961837,0.6178861788617886,0.5567005249596728,0.5439024390243903
10.0,100.0,0.6530562282439722,0.23131945107055848,0.7065418095489318,0.5967479674796748,0.6358187470773923,0.5439024390243903
5.0,20.0,0.65306716992624,0.2303142200016479,0.7055319749859449,0.6447154471544716,0.5283825205534896,0.5439024390243903
5.0,45.0,0.6533426120949692,0.23061173312850217,0.7058730272921779,0.6146341463414634,0.5637297729010234,0.5439024390243903
5.0,15.0,0.6536227107960952,0.23057126951559562,0.7055399683993722,0.6544715447154471,0.5212669704241248,0.5439024390243903
5.0,50.0,0.6540045560974888,0.2309820069089736,0.7059396390707391,0.6130081300813008,0.5707333510755984,0.5439024390243903
5.0,10.0,0.6543826674130888,0.2309349972280983,0.7055000013322357,0.6544715447154471,0.5141427696342974,0.5439024390243903
5.0,55.0,0.6548671498754065,0.2314532053743479,0.7059423035418815,0.6032520325203252,0.5777085442470206,0.5439024390243903
5.0,5.0,0.6553472461613037,0.23140556378525906,0.7053081594099795,0.6577235772357723,0.5070128329929481,0.5439024390243903
5.0,60.0,0.6559295348777477,0.23202388435792082,0.7060328955607247,0.5951219512195122,0.5846526833943454,0.5439024390243903
5.0,0.0,0.656516568804638,0.23198295888457537,0.7052681923428428,0.6373983739837399,0.4998800848700485,0.5439024390243903
5.0,65.0,0.6571907761680461,0.23269245769060315,0.7060915139258584,0.5845528455284553,0.5915631497120278,0.5439024390243903
5.0,70.0,0.6586498639805811,0.23345720284018756,0.7061101652238555,0.5813008130081301,0.5984373784340441,0.5439024390243903
5.0,75.0,0.6603057153870122,0.23431626693047408,0.7061181586372829,0.5723577235772358,0.6052728624708827,0.5439024390243903
5.0,80.0,0.6621571760673887,0.23526767310546381,0.7060302310895823,0.5658536585365853,0.6120671558492358,0.5439024390243903
5.0,85.0,0.6642030221792192,0.23630932720250017,0.7059875995513032,0.5666666666666667,0.6188178769453885,0.5439024390243903
5.0,90.0,0.6664419623180406,0.23743902469722786,0.7059875995513031,0.5642276422764227,0.6255227115045014,0.5439024390243903
5.0,95.0,0.6688726395626949,0.2386544578825275,0.7060542113298641,0.5609756097560976,0.632179415439193,0.5439024390243903
5.0,100.0,0.6714936335983672,0.23995322324319002,0.7060755270990038,0.5577235772357724,0.638785817402059,0.5439024390243903
