month,phase,games,states,accuracy,log_loss,brier,auc,ece
2025-10,Q1,80,10158,0.5845638905296319,0.724679439939798,0.2558685824464756,0.6087881802114574,0.10912673079966527
2025-10,Q2,80,10566,0.6461290933181905,0.6359810621682518,0.2195273025878157,0.7092698001822528,0.09496204320168465
2025-10,Q3,80,10354,0.7416457407765115,0.49633865720764725,0.16457296847414166,0.8312514245841289,0.0649309221231408
2025-10,Q4+,80,10906,0.8644782688428388,0.3246997615040433,0.10103089121044809,0.9296420304232805,0.03190319237579065
2025-11,Q1,219,26940,0.6889755011135857,0.5756771007320658,0.19590303079878588,0.7626125399637413,0.03429356894476615
2025-11,Q2,219,28503,0.7428340876398976,0.5315763437331599,0.17930811007627298,0.8057138016007505,0.039814908084057785
2025-11,Q3,219,27697,0.7827923601834134,0.42765815319376055,0.14379012047970494,0.8755340143330781,0.04438123169570063
2025-11,Q4+,219,29170,0.8532739115529654,0.32151927216425163,0.1020422649173786,0.9374837107819385,0.03331181484064676
2025-12,Q1,197,24064,0.6166057180851063,0.6835242333874598,0.24324356720524162,0.6306327855111823,0.08138217960629986
2025-12,Q2,197,25390,0.660968885387948,0.6279085365570747,0.21634933634146677,0.7170788434492903,0.05298001971910202
2025-12,Q3,197,24751,0.7568987111631853,0.5026295685556248,0.1658458228071336,0.837371641458446,0.0420469330568191
2025-12,Q4+,197,25877,0.8759129729103065,0.29825655375871024,0.09334274349352428,0.9455187209721305,0.03348346611462124
2026-01,Q1,233,27867,0.6492625686295619,0.6203597330120646,0.21568106081016872,0.7041994805350706,0.026656409696953414
2026-01,Q2,233,29841,0.7022217754096712,0.5368437831757601,0.18338764161901436,0.7886904613524719,0.04222467811784119
2026-01,Q3,233,28572,0.7769494610107798,0.4335948319254063,0.14415503324068416,0.8721750945334981,0.024774554558747067
2026-01,Q4+,233,29674,0.8673249309159533,0.29324904818971853,0.09335148276353994,0.9465213566351189,0.024286397128183857
2026-02,Q1,166,20177,0.6856817168062646,0.5887744263694663,0.20223238635198548,0.778587164655212,0.09769645304227588
2026-02,Q2,166,21179,0.7308654799565607,0.5136300630364433,0.17386495557171489,0.8291497856408055,0.0741598476226781
2026-02,Q3,166,20622,0.7943458442440112,0.41829550095160534,0.1391920575488025,0.8856193662990448,0.031014869635006794
2026-02,Q4+,166,20970,0.8866475917978064,0.25119905928551584,0.07996809803914086,0.9616473128861188,0.025581937736595194
2026-03,Q1,239,28700,0.7554703832752613,0.520187516672971,0.17081039656187313,0.8349569714500549,0.11287409834930312
2026-03,Q2,239,30300,0.7889438943894389,0.4576477676640681,0.14715446970755808,0.8662167395367357,0.09513347840357099
2026-03,Q3,239,29448,0.8494295028524858,0.35312968806356865,0.11071652912848953,0.920445649520433,0.04052922566612042
2026-03,Q4+,239,30388,0.908845596946163,0.21279799250021605,0.06425668140145506,0.9735857226722147,0.033015873238430256
2026-04,Q1,96,11697,0.8126015217577156,0.48067378851785986,0.15401842265305235,0.8866207710621176,0.1375576217731042
2026-04,Q2,96,12119,0.8263883158676458,0.38917543121458276,0.12209418712717038,0.9242560128405997,0.1041232592509283
2026-04,Q3,96,11583,0.8972632305965639,0.2657257055504382,0.0813056912513308,0.9635593351996983,0.06817236499479243
2026-04,Q4+,96,11815,0.9420228523063902,0.15036551799278028,0.04379414585161345,0.989706297231812,0.04122464040770357
