bin,games,states,mean_prediction,observed_home_win_rate,calibration_error,absolute_calibration_error
"(-0.001, 0.1]",512,73567,0.032451792837464,0.03023094594043525,-0.002220846897028752,0.002220846897028752
"(0.1, 0.2]",635,34723,0.14946169041263713,0.17630965066382512,0.02684796025118799,0.02684796025118799
"(0.2, 0.3]",735,41908,0.2525721334360981,0.26794406795838505,0.015371934522286967,0.015371934522286967
"(0.3, 0.4]",832,53786,0.3520107206421746,0.33153608745770274,-0.020474633184471847,0.020474633184471847
"(0.4, 0.5]",909,68413,0.45071996860874397,0.45282329381842634,0.002103325209682372,0.002103325209682372
"(0.5, 0.6]",928,66552,0.5489869038658493,0.5709219858156028,0.021935081949753577,0.021935081949753577
"(0.6, 0.7]",915,58035,0.648984683788059,0.6725424312914621,0.023557747503403115,0.023557747503403115
"(0.7, 0.8]",876,59104,0.7513019740824648,0.7861904439631835,0.0348884698807187,0.0348884698807187
"(0.8, 0.9]",798,64912,0.850007094462349,0.8764481143702243,0.026441019907875285,0.026441019907875285
"(0.9, 1.0]",646,98328,0.9663698821168946,0.9695508908957774,0.0031810087788828323,0.0031810087788828323
