month,weighting,games,states,accuracy,log_loss,brier,auc,ece
2025-10,state,80,41984,0.7115091463414634,0.5421430952141122,0.1839860412241942,0.7944569589633268,0.061584320068963756
2025-10,game_balanced,80,41984,0.7136957503504258,0.5388930490260561,0.18283460326234996,0.7965668729040545,0.0618761148286205
2025-11,state,219,112310,0.7684533879440834,0.4619697859245563,0.1544615309926954,0.8556081160358757,0.021163648822361207
2025-11,game_balanced,219,112310,0.7734047946180999,0.4555800499241994,0.1519806928819582,0.860130175991547,0.01867117306163176
2025-12,state,197,100082,0.729601726584201,0.5250643890844945,0.17852164209965896,0.808760085340321,0.03659061404983299
2025-12,game_balanced,197,100082,0.7315093605533693,0.5191062419044098,0.176614872169813,0.8125301301084087,0.03412592290641942
2026-01,state,233,115954,0.7501595460268727,0.46913486216387074,0.15844010766707564,0.8447944216524557,0.02178313175521939
2026-01,game_balanced,233,115954,0.7527734928891012,0.4656206184565669,0.15706642716052577,0.8474141791366308,0.023430418156856807
2026-02,state,166,82948,0.7750397839610358,0.4418624535823266,0.14840717534032827,0.8728515741555816,0.04816158688373697
2026-02,game_balanced,166,82948,0.776167825516341,0.4400608559937977,0.1477362292906964,0.8745348161363903,0.05107443884037206
2026-03,state,239,118836,0.8265088020465179,0.38424027684311207,0.12264003498660295,0.9078690309509357,0.06717511264783849
2026-03,game_balanced,239,118836,0.8281959314202076,0.3817178532330164,0.1217158415702936,0.9098445219524818,0.0688385415509872
2026-04,state,96,47214,0.8692972423433727,0.32179708979663574,0.10040252040852096,0.9470926619074451,0.07882107640656713
2026-04,game_balanced,96,47214,0.8718660680230147,0.31852736970038403,0.09907286288106715,0.949187722546145,0.08156262013492727
