team,ratingRank,gamesPlayed,wins,losses,currentRating,peakRating,lowestRating,seasonRatingChange,last5RatingChange,last10RatingChange,largestSingleGameGain,largestSingleGameLoss,averageWinGain,averageLossDrop,lastGameDate
BOS,1,82,64,18,1726.7224081541158,1791.9693838036023,1500.0,226.72240815411578,-52.98675709279062,-38.370700111233866,23.375910873362265,-33.11844315939257,10.30477606849298,-24.04351445719083,2024-04-14
OKC,2,82,57,25,1675.3817443334965,1697.051199251502,1497.1245357748287,175.3817443334965,68.57376265886406,38.58653840577699,26.666258939173748,-38.75298080150755,13.44750916380795,-23.645051120142316,2024-04-14
DEN,3,82,57,25,1671.25092314978,1708.2161649062568,1500.0,171.25092314977996,14.667691867905177,-36.96524175647667,28.24483949465968,-31.454967373987948,12.576237213727126,-21.82378392130659,2024-04-14
PHX,4,82,49,33,1654.59975182118,1654.59975182118,1441.014787146169,154.59975182118,15.147524380492422,79.81218932819746,27.827941255263497,-28.67331288977439,16.055823781355056,-19.15562465046114,2024-04-14
DAL,5,82,50,32,1645.085605977668,1712.3692186408928,1463.0537975086554,145.0856059776679,-38.18793445362919,0.04233650393951294,30.430147207193396,-40.617353724050865,15.80805756851174,-20.166164763997468,2024-04-14
GSW,6,82,46,36,1636.7697898572496,1653.060712749312,1430.1040583301688,136.76978985724963,13.766016396948409,57.9313711625999,28.25347783969844,-34.33147469348793,16.170557953429487,-16.86321877779186,2024-04-14
MIN,7,82,56,26,1632.3103687468,1678.059379518102,1485.4958224790118,132.3103687467999,-12.885081390226917,-21.420097389749444,28.675042978420045,-29.366011938271104,12.605076233071092,-22.060534627122372,2024-04-14
NYK,8,82,50,32,1620.037883876386,1680.8485860574513,1471.5941314251309,120.0378838763861,81.24750620416894,23.3551964243174,33.017993801669135,-29.937069023636816,15.207434405878807,-20.01043238804855,2024-04-14
LAL,9,82,47,35,1616.9937815251787,1626.129791415027,1439.620149477209,116.99378152517875,4.002413694963536,10.891306341290054,30.98223874198366,-32.45621007771127,16.205391539964562,-18.418846310090178,2024-04-14
IND,10,82,47,35,1597.928626411174,1618.5400191799984,1466.2413673062467,97.92862641117404,33.751645513083304,36.78645798722228,27.22619908696985,-30.998906480985735,17.33065012095356,-20.47462655067552,2024-04-14
NOP,11,82,49,33,1596.9568701118897,1640.720236116509,1455.7168969719528,96.95687011188966,48.376885728377054,-24.413835626703925,29.079193422319292,-28.56656654885886,16.13984748301385,-21.027141107751163,2024-04-14
MIA,12,82,46,36,1554.8581458442754,1589.7174974396555,1438.9143804832138,54.85814584427544,0.6449456164166749,37.416746763707025,31.21005838785769,-31.108950163730107,15.546069427394855,-18.34058466155244,2024-04-14
PHI,13,82,47,35,1551.2884252115334,1643.8305668566215,1422.7111033315575,51.28842521153342,65.60353422891166,100.86508953980355,29.703970906771428,-37.17988438019304,15.52489132481996,-19.382327630143,2024-04-14
LAC,14,82,51,31,1535.9327068952723,1717.2820155335469,1442.4965228921587,35.932706895272304,-39.58382774814619,-5.242592026561777,26.484075403405654,-31.70498809779071,13.712066252001756,-21.399441030865056,2024-04-14
HOU,15,82,41,41,1535.474786281976,1591.4894466089595,1403.3272594140522,35.474786281976094,19.825725805918804,-48.98523730628918,28.67331288977439,-27.678290766421956,16.69457112438745,-15.829332434583169,2024-04-14
SAC,16,82,46,36,1529.2617653426346,1591.3799691185527,1461.1200969023694,29.26176534263459,-19.682220363272403,-31.37129475272633,31.454967373987948,-35.253612809673214,16.398441859149735,-20.140737782729275,2024-04-14
ORL,17,82,47,35,1519.4332791303334,1625.8799661975736,1473.3398118359617,19.433279130333403,-16.611135370385863,-28.104671549378306,26.842537254265252,-30.613558835032133,14.616293427765063,-19.07235748498929,2024-04-14
MIL,18,82,49,33,1508.6156461636242,1670.8255445155569,1481.2284262154549,8.615646163624206,-6.265786525335116,-95.24883533571314,33.11844315939257,-31.333661518443765,14.94388215709038,-21.928320591933495,2024-04-14
CLE,19,82,48,34,1482.2606601331918,1716.8937398299115,1456.2576131977496,-17.739339866808223,-21.557081847584,-53.84020676770919,28.56656654885886,-36.17852177206192,14.39977214480898,-20.850835376989362,2024-04-14
CHI,20,82,39,43,1479.1532441116294,1548.8754446156377,1384.354405481707,-20.84675588837058,-24.02741760055568,5.094370317615944,28.56394937958558,-31.700643101456524,17.695943384417422,-16.534617392573264,2024-04-14
ATL,21,82,36,46,1436.170166996975,1549.221039671368,1384.5477994768048,-63.82983300302499,-76.40273016709646,-50.87367884743633,31.70498809779071,-35.96292538156742,19.293202626554972,-16.48663320780443,2024-04-14
SAS,22,82,22,60,1421.419293711985,1512.577059359041,1250.2594988649564,-78.58070628801511,37.067814567347,96.47051849617085,36.28476437266939,-23.910064836192657,24.61612146016331,-10.335589640193463,2024-04-14
BKN,23,82,32,50,1390.3240330052308,1558.9886788562928,1348.93285725464,-109.67596699476917,-18.036063048710652,24.915497721002982,36.17852177206192,-25.73329970036628,19.51499129505474,-14.683113768730415,2024-04-14
UTA,24,82,31,51,1339.2128639387854,1614.7816994265338,1293.3463924693942,-160.7871360612146,36.52829275856831,-20.02865529788099,27.558775344558654,-34.66753450501328,18.121800727308774,-14.167901149172295,2024-04-14
CHA,25,82,21,61,1322.0013063762513,1515.503076934833,1208.6807524244398,-177.99869362374875,42.118386471276004,37.172138530621815,32.763778551627304,-24.93506547805504,24.250720912228015,-11.266620209517002,2024-04-14
MEM,26,82,27,55,1309.3238966814492,1500.4512685136124,1308.174443329819,-190.67610331855076,-60.84371053094675,-15.966272144378092,31.333661518443765,-32.41963289630505,20.838937626833307,-13.696862168055441,2024-04-14
POR,27,82,21,61,1274.9387516624515,1501.4041245719902,1273.5857803013068,-225.06124833754848,-34.03725743630257,-22.65033232944787,37.17988438019304,-26.957258028447576,22.859104665732534,-11.559056497015266,2024-04-14
DET,28,82,14,68,1255.459435173458,1526.6690227917554,1177.294365951756,-244.5405648265421,1.0902248442647782,-18.67599762542552,40.617353724050865,-24.15808430664357,26.144058617991362,-8.97878508056502,2024-04-14
TOR,29,82,25,57,1254.6950615764197,1514.5041775209882,1237.3205970608194,-245.30493842358032,-12.886485260964204,-13.971061562578964,31.108950163730107,-33.23770605852483,20.19496308180509,-13.161035359100133,2024-04-14
WAS,30,82,15,67,1226.1387777976058,1500.0,1202.9109295158987,-273.8612222023942,-44.64872473337427,-63.83363713562654,35.96292538156742,-28.21674079807718,24.437798891205173,-9.558629933887637,2024-04-14
